cd_geocmu,nome
5200050,Abadia de Goiás
3100104,Abadia Dos Dourados
3100104,Abadia Dos Dourados
5200100,Abadiânia
3100203,Abaeté
2300101,Abaiara
2900108,Abaíra
2900207,Abaré
1700251,Abreulândia
2900306,Acajutiba
2900306,Acajutiba
2300150,Acarape
2300200,Acaraú
2400109,Acari
2200053,Acauã
2200053,Acauã
2300309,Acopiara
5100102,Acorizal
5200134,Acreúna
2400208,Açu
5200159,Adelândia
2900355,Adustina
2600104,Afogados Da Ingazeira
2400307,Afonso Bezerra
2100105,Afonso Cunha
2600203,Afrânio
2600203,Afrânio
2600302,Agrestina
2600302,Agrestina
2200103,Agricolândia
5100201,Água Boa
2500106,Água Branca
2700102,Água Branca
2200202,Água Branca
5000203,Água Clara
3100708,Água Comprida
2100154,Água Doce Do Maranhão
2900405,Água Fria
2900405,Água Fria
5200175,Água Fria De Goiás
5200209,Água Limpa
5200209,Água Limpa
2400406,Água Nova
3500303,Aguaí
3500303,Aguaí
3100807,Aguanil
3100807,Aguanil
2600500,Águas Belas
3500550,Águas De Santa Bárbara
3500550,Águas De Santa Bárbara
3500600,Águas De São Pedro
5200258,Águas Lindas De Goiás
3500709,Agudos
2500205,Aguiar
1700301,Aguiarnópolis
2300408,Aiuaba
2500304,Alagoa Grande
2500403,Alagoa Nova
2500502,Alagoinha
2600609,Alagoinha
2200251,Alagoinha Do Piauí
2900702,Alagoinhas
2900702,Alagoinhas
3500758,Alambari
3500758,Alambari
2300507,Alcântaras
2500536,Alcantil
5000252,Alcinópolis
2100303,Aldeias Altas
2200277,Alegrete Do Piauí
2400505,Alexandria
5200308,Alexânia
2500577,Algodão De Jandaíra
2600708,Aliança
2600708,Aliança
1700350,Aliança Do Tocantins
1700400,Almas
2400604,Almino Afonso
5200506,Aloândia
3101904,Alpinópolis
3101904,Alpinópolis
3500907,Altair
3500907,Altair
2300606,Altaneira
2600807,Altinho
2600807,Altinho
3501004,Altinópolis
2100436,Alto Alegre Do Maranhão
5100300,Alto Araguaia
5100359,Alto Boa Vista
5100359,Alto Boa Vista
2400703,Alto Do Rodrigues
5100409,Alto Garças
5200555,Alto Horizonte
2200301,Alto Longá
5100508,Alto Paraguai
5100508,Alto Paraguai
5200605,Alto Paraíso de Goiás
2100501,Alto Parnaíba
2300705,Alto Santo
5100607,Alto Taquari
2200400,Altos
2200400,Altos
3501202,Álvares Florence
3501202,Álvares Florence
3501509,Alvinlândia
3501509,Alvinlândia
1700707,Alvorada
2200459,Alvorada Do Gurguéia
2200459,Alvorada Do Gurguéia
5200803,Alvorada Do Norte
5200829,Amaralina
2200509,Amarante
2200509,Amarante
2100600,Amarante Do Maranhão
2100600,Amarante Do Maranhão
2901155,América Dourada
3501608,Americana
3501608,Americana
5200852,Americano Do Brasil
3501707,Américo Brasiliense
3501806,Américo De Campos
2300754,Amontada
5200902,Amorinópolis
2500734,Amparo
2901205,Anagé
2901205,Anagé
3502002,Analândia
1701002,Ananás
1701002,Ananás
5201108,Anápolis
2100808,Anapurus
5000708,Anastácio
5000807,Anaurilândia
5000807,Anaurilândia
2901304,Andaraí
2901353,Andorinha
3502200,Angatuba
3502200,Angatuba
3102852,Angelândia
3102852,Angelândia
5000856,Angélica
5000856,Angélica
2901403,Angical
2200608,Angical Do Piauí
1701051,Angico
1701051,Angico
2400802,Angicos
5201207,Anhanguera
5201207,Anhanguera
3502309,Anhembi
3502309,Anhembi
5201306,Anicuns
2200707,Anísio De Abreu
2200707,Anísio De Abreu
2901601,Antas
2300804,Antonina Do Norte
2200806,Antônio Almeida
2901700,Antônio Cardoso
2901700,Antônio Cardoso
2901809,Antônio Gonçalves
5000906,Antônio João
2400901,Antônio Martins
2500775,Aparecida
5201405,Aparecida De Goiânia
5201454,Aparecida Do Rio Doce
1701101,Aparecida Do Rio Negro
5001003,Aparecida Do Taboado
5001003,Aparecida Do Taboado
3502705,Apiaí
3502705,Apiaí
2401008,Apodi
2901908,Aporá
2901908,Aporá
5201504,Aporé
2300903,Apuiarés
5001102,Aquidauana
5001102,Aquidauana
2301000,Aquiraz
2500809,Araçagi
2500809,Araçagi
3103207,Araçaí
2301109,Aracati
2902005,Aracatu
2902104,Araci
2301208,Aracoiaba
5201603,Araçu
5201702,Aragarças
5201801,Aragoiânia
1701309,Aragominas
1701309,Aragominas
1701903,Araguacema
1701903,Araguacema
1702000,Araguaçu
5101001,Araguaiana
1702109,Araguaína
1702109,Araguaína
5101209,Araguainha
1702158,Araguanã
1702158,Araguanã
5202155,Araguapaz
3103504,Araguari
3103504,Araguari
1702208,Araguatins
1702208,Araguatins
2100907,Araioses
2100907,Araioses
5001243,Aral Moreira
5001243,Aral Moreira
2902203,Aramari
2902203,Aramari
2100956,Arame
2100956,Arame
3503000,Aramina
3503109,Arandu
2700300,Arapiraca
2700300,Arapiraca
4101606,Arapoti
4101606,Arapoti
3103801,Arapuá
5101258,Araputanga
5101258,Araputanga
2500908,Arara
3503208,Araraquara
3503307,Araras
3503307,Araras
2301257,Ararendá
2101004,Arari
2101004,Arari
2301307,Araripe
2601102,Araripina
2601102,Araripina
2501005,Araruna
2301406,Aratuba
3103900,Araújos
3104007,Araxá
3104106,Arceburgo
3104106,Arceburgo
3104205,Arcos
3104205,Arcos
2601201,Arcoverde
3503406,Arealva
3503406,Arealva
2501104,Areia
2401107,Areia Branca
2501153,Areia De Baraúnas
2501203,Areial
3503604,Areiópolis
3503604,Areiópolis
5101308,Arenápolis
5101308,Arenápolis
5202353,Arenópolis
3104502,Arinos
2301505,Arneiroz
2200905,Aroazes
2501302,Aroeiras
2200954,Aroeiras Do Itaim
2201002,Arraial
1702406,Arraias
3503802,Artur Nogueira
5202502,Aruanã
2301604,Assaré
3504008,Assis
3504008,Assis
2501351,Assunção
2201051,Assunção Do Piauí
1702554,Augustinópolis
3104809,Augusto De Lima
2401305,Augusto Severo
5202601,Aurilândia
2301703,Aurora
1702703,Aurora Do Tocantins
3504305,Avaí
3504305,Avaí
3504503,Avaré
2201101,Avelino Lopes
2201101,Avelino Lopes
2201101,Avelino Lopes
2201101,Avelino Lopes
5202809,Avelinópolis
1702901,Axixá Do Tocantins
1703008,Babaçulândia
2101202,Bacabal
2101202,Bacabal
2902500,Baianópolis
2902609,Baixa Grande
2201150,Baixa Grande Do Ribeiro
2301802,Baixio
3105004,Baldim
5203104,Baliza
3504800,Bálsamo
3504800,Bálsamo
2101400,Balsas
3105103,Bambuí
2301851,Banabuiú
2501500,Bananeiras
5001508,Bandeirantes
1703057,Bandeirantes Do Tocantins
1703057,Bandeirantes Do Tocantins
2902658,Banzaê
3105400,Barão De Cocais
3105400,Barão De Cocais
2101509,Barão De Grajaú
2101509,Barão De Grajaú
5101605,Barão De Melgaço
5101605,Barão De Melgaço
2401453,Baraúna
2501534,Baraúna
2301901,Barbalha
2401503,Barcelona
3505203,Bariri
3505203,Bariri
2902708,Barra
2902708,Barra
3505302,Barra Bonita
3505302,Barra Bonita
2201176,Barra D'alcântara
2902807,Barra Da Estiva
2501609,Barra De Santa Rosa
2501575,Barra De Santana
2501708,Barra De São Miguel
5101704,Barra Do Bugres
5101704,Barra Do Bugres
2101608,Barra Do Corda
5101803,Barra do Garças
2903003,Barra Do Mendes
1703073,Barra Do Ouro
2201200,Barras
2201200,Barras
2301950,Barreira
2903201,Barreiras
2201309,Barreiras Do Piauí
2201309,Barreiras Do Piauí
2101707,Barreirinhas
3505500,Barretos
3505500,Barretos
3505609,Barrinha
2302008,Barro
2903235,Barro Alto
5203203,Barro Alto
2201408,Barro Duro
2903276,Barrocas
1703107,Barrolândia
2302057,Barroquinha
5001904,Bataguassu
5001904,Bataguassu
2700706,Batalha
2201507,Batalha
3505906,Batatais
5002001,Batayporã
5002001,Batayporã
2302107,Baturité
3506003,Bauru
3506003,Bauru
3506102,Bebedouro
3506102,Bebedouro
2302206,Beberibe
2302305,Bela Cruz
5002100,Bela Vista
5203302,Bela Vista De Goiás
2201556,Bela Vista Do Piauí
2101731,Belágua
2501906,Belém
2502003,Belém Do Brejo Do Cruz
2201572,Belém Do Piauí
2601607,Belém Do São Francisco
2903508,Belo Campo
2903508,Belo Campo
3106200,Belo Horizonte
3106200,Belo Horizonte
2601706,Belo Jardim
2700904,Belo Monte
2201606,Beneditinos
2101806,Benedito Leite
2401602,Bento Fernandes
3106507,Berilo
2502052,Bernardino Batista
2101939,Bernardo Do Mearim
2201705,Bertolínia
2201705,Bertolínia
2601805,Betânia
2201739,Betânia Do Piauí
2201739,Betânia Do Piauí
3106705,Betim
3106705,Betim
2601904,Bezerros
2601904,Bezerros
3107000,Biquinhas
2903607,Biritinga
3107109,Boa Esperança
3107109,Boa Esperança
3506706,Boa Esperança Do Sul
2201770,Boa Hora
2903706,Boa Nova
2903706,Boa Nova
2502102,Boa Ventura
2302404,Boa Viagem
2502151,Boa Vista
2903805,Boa Vista Do Tupim
2201804,Bocaina
3506805,Bocaina
3506805,Bocaina
3107307,Bocaiúva
2401651,Bodó
2602001,Bodocó
5002159,Bodoquena
5002159,Bodoquena
3506904,Bofete
3506904,Bofete
2602100,Bom Conselho
2602100,Bom Conselho
3107406,Bom Despacho
2602209,Bom Jardim
2602209,Bom Jardim
5203401,Bom Jardim De Goiás
2502201,Bom Jesus
2401701,Bom Jesus
2201903,Bom Jesus
2201903,Bom Jesus
2903904,Bom Jesus da Lapa
2903904,Bom Jesus da Lapa
2903953,Bom Jesus Da Serra
2903953,Bom Jesus Da Serra
5203500,Bom Jesus De Goiás
5203500,Bom Jesus De Goiás
3107703,Bom Jesus Do Amparo
3107703,Bom Jesus Do Amparo
5101852,Bom Jesus Do Araguaia
5101852,Bom Jesus Do Araguaia
1703305,Bom Jesus Do Tocantins
2201919,Bom Princípio Do Piauí
2502300,Bom Sucesso
3507159,Bom Sucesso De Itararé
3507159,Bom Sucesso De Itararé
2201929,Bonfim Do Piauí
5203559,Bonfinópolis
3108206,Bonfinópolis De Minas
2904001,Boninal
2904050,Bonito
5002209,Bonito
3108255,Bonito De Minas
2502409,Bonito De Santa Fé
5203575,Bonópolis
2502508,Boqueirão
2201945,Boqueirão Do Piauí
2904100,Boquira
2502706,Borborema
3507407,Borborema
3507407,Borborema
3507456,Borebi
3507506,Botucatu
3507506,Botucatu
3108503,Botumirim
2904209,Botuporã
5002308,Brasilândia
5002308,Brasilândia
3108552,Brasilândia De Minas
1703602,Brasilândia Do Tocantins
1703602,Brasilândia Do Tocantins
2201960,Brasileira
5300108,Brasília
3108602,Brasília De Minas
5101902,Brasnorte
5101902,Brasnorte
5203609,Brazabrantes
2602407,Brejão
2602407,Brejão
2401800,Brejinho
2602506,Brejinho
2401800,Brejinho
1703701,Brejinho De Nazaré
2102101,Brejo
2102101,Brejo
2602605,Brejo Da Madre De Deus
2102150,Brejo De Areia
2102150,Brejo De Areia
2502805,Brejo Do Cruz
2201988,Brejo Do Piauí
2502904,Brejo Dos Santos
2302503,Brejo Santo
2904308,Brejões
2904308,Brejões
2904407,Brejolândia
5203807,Britânia
3507803,Brodowski
3507902,Brotas
2904506,Brotas De Macaúbas
2904605,Brumado
3109204,Buenópolis
2602803,Buíque
3508009,Buri
3508009,Buri
2102200,Buriti
2102200,Buriti
5203906,Buriti Alegre
5203906,Buriti Alegre
2102309,Buriti Bravo
5203939,Buriti De Goiás
1703800,Buriti Do Tocantins
1703800,Buriti Do Tocantins
2202000,Buriti Dos Lopes
2202000,Buriti Dos Lopes
2202026,Buriti Dos Montes
5203962,Buritinópolis
2904753,Buritirama
2904753,Buritirama
2904753,Buritirama
2904753,Buritirama
2102358,Buritirana
2102358,Buritirana
3109303,Buritis
3508207,Buritizal
3109402,Buritizeiro
5002407,Caarapó
5002407,Caarapó
2503100,Cabaceiras
3109451,Cabeceira Grande
5204003,Cabeceiras
2202059,Cabeceiras Do Piauí
3508306,Cabrália Paulista
3508306,Cabrália Paulista
2603009,Cabrobó
5102504,Cáceres
5102504,Cáceres
5102504,Cáceres
5204102,Cachoeira Alta
5204102,Cachoeira Alta
3109600,Cachoeira Da Prata
5204201,Cachoeira De Goiás
2503308,Cachoeira Dos Índios
3109808,Cachoeira Dourada
5204250,Cachoeira Dourada
3109808,Cachoeira Dourada
5204250,Cachoeira Dourada
2102374,Cachoeira Grande
2102374,Cachoeira Grande
2603108,Cachoeirinha
1703826,Cachoeirinha
2503407,Cacimba De Areia
2503506,Cacimba De Dentro
2503555,Cacimbas
2701209,Cacimbinhas
5204300,Caçu
5204300,Caçu
2905008,Caculé
2905107,Caém
3109907,Caetanópolis
2905156,Caetanos
2905156,Caetanos
3110004,Caeté
3110004,Caeté
2603207,Caetés
2603207,Caetés
2905206,Caetité
2905305,Cafarnaum
5204409,Caiapônia
2503605,Caiçara
2401859,Caiçara Do Norte
2401909,Caiçara Do Rio Do Vento
2402006,Caicó
2503704,Cajazeiras
2202075,Cajazeiras Do Piauí
2503753,Cajazeirinhas
2202083,Cajueiro Da Praia
3509403,Cajuru
3509403,Cajuru
2603306,Calçado
2603306,Calçado
2503803,Caldas Brandão
5204508,Caldas Novas
5204508,Caldas Novas
5204557,Caldazinha
2905503,Caldeirão Grande
2202091,Caldeirão Grande Do Piauí
2202091,Caldeirão Grande Do Piauí
2603405,Calumbi
2503902,Camalaú
5002605,Camapuã
2302602,Camocim
2603504,Camocim De São Félix
2603504,Camocim De São Félix
5204607,Campestre De Goiás
2102556,Campestre Do Maranhão
3509452,Campina Do Monte Alegre
3509452,Campina Do Monte Alegre
2504009,Campina Grande
3111101,Campina Verde
3111101,Campina Verde
5204656,Campinaçu
5102603,Campinápolis
3509502,Campinas
3509502,Campinas
2202109,Campinas Do Piauí
5204706,Campinorte
5204805,Campo Alegre De Goiás
2905909,Campo Alegre De Lourdes
2905909,Campo Alegre De Lourdes
2202117,Campo Alegre Do Fidalgo
3111150,Campo Azul
3111200,Campo Belo
3111200,Campo Belo
2801009,Campo Do Brito
2801009,Campo Do Brito
3111309,Campo Do Meio
3111309,Campo Do Meio
3111408,Campo Florido
2906006,Campo Formoso
2701506,Campo Grande
5002704,Campo Grande
2701506,Campo Grande
2202133,Campo Grande Do Piauí
2202174,Campo Largo Do Piauí
2202174,Campo Largo Do Piauí
5204854,Campo Limpo De Goiás
2202208,Campo Maior
5102637,Campo Novo Do Parecis
5102637,Campo Novo Do Parecis
2402105,Campo Redondo
5102678,Campo Verde
3111507,Campos Altos
5204904,Campos Belos
5102686,Campos De Júlio
3111606,Campos Gerais
3111606,Campos Gerais
1703842,Campos Lindos
3509809,Campos Novos Paulista
3509809,Campos Novos Paulista
2302701,Campos Sales
5204953,Campos Verdes
5102694,Canabrava Do Norte
5102694,Canabrava Do Norte
2701605,Canapi
3111804,Canápolis
2906105,Canápolis
3111804,Canápolis
5102702,Canarana
2906204,Canarana
5102702,Canarana
2202251,Canavieira
2202251,Canavieira
2906402,Candeal
2906402,Candeal
3112000,Candeias
3112000,Candeias
2906600,Candiba
3510005,Cândido Mota
3510005,Cândido Mota
3510104,Cândido Rodrigues
3510104,Cândido Rodrigues
2801108,Canhoba
2801108,Canhoba
2302800,Canindé
2801207,Canindé De São Francisco
2906808,Cansanção
2102705,Cantanhede
2202307,Canto Do Buriti
2202307,Canto Do Buriti
2906824,Canudos
3510203,Capão Bonito
3510203,Capão Bonito
2906857,Capela Do Alto Alegre
3112307,Capelinha
3112307,Capelinha
3112406,Capetinga
3112406,Capetinga
2504033,Capim
2504033,Capim
3112505,Capim Branco
2906873,Capim Grosso
3112604,Capinópolis
3112604,Capinópolis
2102754,Capinzal Do Norte
2302909,Capistrano
2202406,Capitão De Campos
3112703,Capitão Enéas
2202455,Capitão Gervásio Oliveira
3112802,Capitólio
2603801,Capoeiras
2603801,Capoeiras
2202505,Caracol
2202505,Caracol
5002803,Caracol
2202505,Caracol
2202505,Caracol
2906899,Caraíbas
2504074,Caraúbas
2402303,Caraúbas
2202539,Caraúbas Do Piauí
3113503,Carbonita
3510708,Cardoso
3510708,Cardoso
2303006,Caridade
2202554,Caridade Do Piauí
2907103,Carinhanha
2801405,Carira
2303105,Cariré
1703867,Cariri Do Tocantins
2303204,Caririaçu
2303303,Cariús
3114006,Carmo Da Mata
3114006,Carmo Da Mata
3114204,Carmo Do Cajuru
3114204,Carmo Do Cajuru
3114303,Carmo Do Paranaíba
3114402,Carmo Do Rio Claro
3114402,Carmo Do Rio Claro
5205000,Carmo Do Rio Verde
1703883,Carmolândia
1703883,Carmolândia
2603900,Carnaíba
2402402,Carnaúba Dos Dantas
2402501,Carnaubais
2303402,Carnaubal
2603926,Carnaubeira Da Penha
3114550,Carneirinho
3114550,Carneirinho
2701803,Carneiros
2102804,Carolina
2504108,Carrapateira
1703891,Carrasco Bonito
1703891,Carrasco Bonito
2604106,Caruaru
2604106,Caruaru
3510807,Casa Branca
3510807,Casa Branca
2907202,Casa Nova
2907202,Casa Nova
3115003,Cascalho Rico
3115003,Cascalho Rico
2303501,Cascavel
1703909,Caseara
2604155,Casinhas
2504157,Casserengue
3115102,Cássia
3115102,Cássia
3510906,Cássia Dos Coqueiros
3510906,Cássia Dos Coqueiros
5002902,Cassilândia
5205059,Castelândia
5205059,Castelândia
2202604,Castelo Do Piauí
4104907,Castro
4104907,Castro
5205109,Catalão
5205109,Catalão
2303600,Catarina
2504207,Catingueira
2907400,Catolândia
2504306,Catolé Do Rocha
2303659,Catunda
5205208,Caturaí
2907558,Caturama
2504355,Caturité
3115474,Catuti
3115474,Catuti
2303709,Caucaia
5205307,Cavalcante
2103000,Caxias
2202653,Caxingó
2202653,Caxingó
2402600,Ceará-mirim
2402600,Ceará-mirim
3511300,Cedral
3511300,Cedral
2303808,Cedro
2604304,Cedro
3115607,Cedro Do Abaeté
1704105,Centenário
2907608,Central
3115805,Centralina
3115805,Centralina
5205406,Ceres
3511409,Cerqueira César
2402709,Cerro Corá
5205455,Cezarina
1705102,Chapada Da Natividade
1704600,Chapada De Areia
3116100,Chapada Do Norte
3116100,Chapada Do Norte
5103007,Chapada dos Guimarães
3116159,Chapada Gaúcha
5205471,Chapadão Do Céu
5002951,Chapadão Do Sul
2103208,Chapadinha
3511706,Charqueada
3511706,Charqueada
2303907,Chaval
2303931,Choró
2303956,Chorozinho
2907707,Chorrochó
2907806,Cícero Dantas
5205497,Cidade Ocidental
2103257,Cidelândia
2103257,Cidelândia
2907905,Cipó
3116407,Claraval
3116506,Claro Dos Poções
3116605,Cláudio
3116605,Cláudio
2202703,Cocal
2202711,Cocal De Telha
2202729,Cocal Dos Alves
5103106,Cocalinho
5205513,Cocalzinho De Goiás
2908101,Cocos
2103307,Codó
2103406,Coelho Neto
2702009,Coité Do Nóia
2702009,Coité Do Nóia
2202737,Coivaras
3512001,Colina
3512001,Colina
2103505,Colinas
5205521,Colinas Do Sul
1705508,Colinas Do Tocantins
1705508,Colinas Do Tocantins
1716703,Colméia
1716703,Colméia
3512100,Colômbia
2202752,Colônia Do Gurguéia
2202752,Colônia Do Gurguéia
2202778,Colônia Do Piauí
1705557,Combinado
3116902,Comendador Gomes
5103304,Comodoro
5103304,Comodoro
2504405,Conceição
3117306,Conceição Das Alagoas
1502707,Conceição Do Araguaia
1502707,Conceição Do Araguaia
2202802,Conceição Do Canindé
2908408,Conceição Do Coité
2908507,Conceição Do Jacuípe
2908507,Conceição Do Jacuípe
2103554,Conceição Do Lago-açu
2103554,Conceição Do Lago-açu
3117504,Conceição do Mato Dentro
3117504,Conceição do Mato Dentro
3117603,Conceição Do Pará
3117603,Conceição Do Pará
1705607,Conceição Do Tocantins
3512209,Conchal
3512209,Conchal
3512308,Conchas
3512308,Conchas
2504504,Condado
2908705,Condeúba
2908705,Condeúba
3117836,Cônego Marinho
3117836,Cônego Marinho
3117876,Confins
5103353,Confresa
5103353,Confresa
2504702,Congo
3118106,Congonhas Do Norte
3118106,Congonhas Do Norte
3118205,Conquista
5103361,Conquista D'oeste
5103361,Conquista D'oeste
3118601,Contagem
3118601,Contagem
2908804,Contendas Do Sincorá
3118700,Coqueiral
3118700,Coqueiral
3118809,Coração De Jesus
2908903,Coração De Maria
2908903,Coração De Maria
3512407,Cordeirópolis
3512407,Cordeirópolis
2909000,Cordeiros
2909000,Cordeiros
3118908,Cordisburgo
2304004,Coreaú
2504801,Coremas
5003108,Corguinho
5003108,Corguinho
2909109,Coribe
3119104,Corinto
2103604,Coroatá
3119302,Coromandel
2402808,Coronel Ezequiel
2402907,Coronel João Pessoa
2909208,Coronel João Sá
2202851,Coronel José Dias
2202851,Coronel José Dias
3512605,Coronel Macedo
3512605,Coronel Macedo
3119500,Coronel Murta
3119500,Coronel Murta
3119807,Córrego Danta
5205703,Córrego Do Ouro
3119955,Córrego Fundo
2202901,Corrente
2202901,Corrente
2604700,Correntes
2604700,Correntes
2909307,Correntina
5003207,Corumbá
5003207,Corumbá
5205802,Corumbá De Goiás
5205901,Corumbaíba
5205901,Corumbaíba
3512704,Corumbataí
3512704,Corumbataí
2702306,Coruripe
2702306,Coruripe
3512803,Cosmópolis
3512902,Cosmorama
5003256,Costa Rica
2909406,Cotegipe
3120102,Couto De Magalhães De Minas
3120102,Couto De Magalhães De Minas
1706001,Couto Magalhães
1706001,Couto Magalhães
5003306,Coxim
5003306,Coxim
2504850,Coxixola
2702355,Craíbas
2304103,Crateús
2304202,Crato
3513108,Cravinhos
2909604,Crisópolis
3120201,Cristais
3120201,Cristais
3513207,Cristais Paulista
1706100,Cristalândia
2203008,Cristalândia Do Piauí
2203008,Cristalândia Do Piauí
3120300,Cristália
5206206,Cristalina
5206305,Cristianópolis
2203107,Cristino Castro
2203107,Cristino Castro
2909703,Cristópolis
5206404,Crixás
1706258,Crixás Do Tocantins
2304236,Croatá
5206503,Cromínia
2304251,Cruz
3120706,Cruzeiro Da Fortaleza
2403004,Cruzeta
2505006,Cubati
5103403,Cuiabá
5103403,Cuiabá
2505105,Cuité
2505238,Cuité De Mamanguape
2505238,Cuité De Mamanguape
2505204,Cuitegi
5206602,Cumari
5206602,Cumari
2604908,Cumaru
2604908,Cumaru
2909901,Curaçá
2203206,Curimatá
2203206,Curimatá
2203230,Currais
2403103,Currais Novos
2505279,Curral De Cima
2505279,Curral De Cima
3120870,Curral De Dentro
3120870,Curral De Dentro
2203271,Curral Novo Do Piauí
2203271,Curral Novo Do Piauí
2505303,Curral Velho
2203255,Curralinhos
3120904,Curvelo
2605103,Custódia
5206701,Damianópolis
2505352,Damião
5206800,Damolândia
1706506,Darcinópolis
1706506,Darcinópolis
3121001,Datas
3121001,Datas
5206909,Davinópolis
2103752,Davinópolis
5206909,Davinópolis
3121209,Delfinópolis
2702405,Delmiro Gouveia
3121258,Delta
2203305,Demerval Lobão
2203305,Demerval Lobão
5103452,Denise
5103452,Denise
2304269,Deputado Irapuan Pinheiro
3513702,Descalvado
3513702,Descalvado
2505402,Desterro
2505600,Diamante
3121605,Diamantina
3121605,Diamantina
5103502,Diamantino
5103502,Diamantino
1707009,Dianópolis
5207105,Diorama
2203354,Dirceu Arcoverde
2203354,Dirceu Arcoverde
3122306,Divinópolis
3122306,Divinópolis
5208301,Divinópolis De Goiás
1707108,Divinópolis Do Tocantins
3514007,Dobrada
3514106,Dois Córregos
3514106,Dois Córregos
5003488,Dois Irmãos Do Buriti
1707207,Dois Irmãos Do Tocantins
1707207,Dois Irmãos Do Tocantins
2702504,Dois Riachos
5103601,Dom Aquino
2910107,Dom Basílio
3122470,Dom Bosco
2203404,Dom Expedito Lopes
2203453,Dom Inocêncio
2203453,Dom Inocêncio
2103802,Dom Pedro
2203420,Domingos Mourão
2505709,Dona Inês
3123205,Dores Do Indaiá
3123403,Doresópolis
2605152,Dormentes
2605152,Dormentes
5003504,Douradina
5003504,Douradina
3514304,Dourado
3123502,Douradoquara
3123502,Douradoquara
5003702,Dourados
5003702,Dourados
2403202,Doutor Severiano
5207253,Doverlândia
3514502,Duartina
3514502,Duartina
2505808,Duas Estradas
1707306,Dueré
3514601,Dumont
2103901,Duque Bacelar
3514700,Echaporã
3514700,Echaporã
5207352,Edealina
5207402,Edéia
2203503,Elesbão Veloso
2203602,Eliseu Martins
2203602,Eliseu Martins
2505907,Emas
2403301,Encanto
3515152,Engenheiro Coelho
3515152,Engenheiro Coelho
3123809,Engenheiro Navarro
2403400,Equador
2304277,Ererê
2900504,Érico Cardoso
3124104,Esmeraldas
3124104,Esmeraldas
2506004,Esperança
2203701,Esperantina
2104008,Esperantinópolis
3124302,Espinosa
3124302,Espinosa
3124302,Espinosa
3515186,Espírito Santo Do Pinhal
3515186,Espírito Santo Do Pinhal
3515194,Espírito Santo Do Turvo
2910602,Esplanada
2910602,Esplanada
3557303,Estiva Gerbi
2104057,Estreito
2702553,Estrela De Alagoas
3124708,Estrela Do Indaiá
5207501,Estrela Do Norte
3124807,Estrela Do Sul
3124807,Estrela Do Sul
2910701,Euclides Da Cunha
2304285,Eusébio
2403608,Extremoz
2403608,Extremoz
2605301,Exu
2506103,Fagundes
5207535,Faina
2304301,Farias Brito
2203750,Fartura Do Piauí
2203750,Fartura Do Piauí
2910750,Fátima
1707553,Fátima
5207600,Fazenda Nova
2910776,Feira Da Mata
2910800,Feira De Santana
2910800,Feira De Santana
2702603,Feira Grande
2702603,Feira Grande
2802205,Feira Nova
2802205,Feira Nova
2104073,Feira Nova Do Maranhão
3125408,Felício Dos Santos
3125408,Felício Dos Santos
2403707,Felipe Guerra
3125705,Felixlândia
5103700,Feliz Natal
5103700,Feliz Natal
2104081,Fernando Falcão
2403756,Fernando Pedroza
3515608,Fernando Prestes
3515608,Fernando Prestes
3515509,Fernandópolis
3515509,Fernandópolis
3515657,Fernão
3515657,Fernão
5003900,Figueirão
1707652,Figueirópolis
2910859,Filadélfia
1707702,Filadélfia
5207808,Firminópolis
2403806,Florânia
3515905,Floreal
3515905,Floreal
2605608,Flores
5207907,Flores De Goiás
2203800,Flores Do Piauí
2605707,Floresta
2203859,Floresta Do Piauí
3126000,Florestal
3126000,Florestal
2203909,Floriano
2203909,Floriano
3126109,Formiga
3126109,Formiga
5208004,Formosa
2104099,Formosa Da Serra Negra
2911105,Formosa Do Rio Preto
2911105,Formosa Do Rio Preto
5208103,Formoso
3126208,Formoso
1708205,Formoso Do Araguaia
2304350,Forquilha
2304400,Fortaleza
3126307,Fortaleza De Minas
3126307,Fortaleza De Minas
1708254,Fortaleza Do Tabocão
1708254,Fortaleza Do Tabocão
2104107,Fortaleza Dos Nogueiras
2304459,Fortim
2104206,Fortuna
3126406,Fortuna De Minas
3516200,Franca
2204006,Francinópolis
2204105,Francisco Ayres
3126505,Francisco Badaró
3126505,Francisco Badaró
2403905,Francisco Dantas
3126604,Francisco Dumont
2204154,Francisco Macedo
3126703,Francisco Sá
2204204,Francisco Santos
2304509,Frecheirinha
2506202,Frei Martinho
2605806,Frei Miguelinho
2802304,Frei Paulo
2802304,Frei Paulo
3127008,Fronteira
3127008,Fronteira
2204303,Fronteiras
3127073,Fruta De Leite
3127073,Fruta De Leite
3127107,Frutal
3127107,Frutal
2404002,Frutuoso Gomes
3127206,Funilândia
2506251,Gado Bravo
2404101,Galinhos
5208152,Gameleira De Goiás
3127339,Gameleiras
3127339,Gameleiras
2606002,Garanhuns
2606002,Garanhuns
2802403,Gararu
2802403,Gararu
5103858,Gaúcha Do Norte
5103858,Gaúcha Do Norte
2911253,Gavião
3516853,Gavião Peixoto
2204352,Geminiano
5103908,General Carneiro
3516903,General Salgado
3516903,General Salgado
2304608,General Sampaio
2911303,Gentio Do Ouro
2204402,Gilbués
2702900,Girau Do Ponciano
2702900,Girau Do Ponciano
3127354,Glaucilândia
2911402,Glória
5208400,Goianápolis
5208509,Goiandira
5208509,Goiandira
5208608,Goianésia
5208707,Goiânia
5208806,Goianira
1708304,Goianorte
1708304,Goianorte
5208905,Goiás
1709005,Goiatins
5209101,Goiatuba
5209101,Goiatuba
2104404,Gonçalves Dias
3127602,Gouveia
3127602,Gouveia
5209150,Gouvelândia
5209150,Gouvelândia
2104503,Governador Archer
2404309,Governador Dix-sept Rosado
2104552,Governador Edison Lobão
2104602,Governador Eugênio Barros
2104628,Governador Luiz Rocha
2304657,Graça
2104701,Graça Aranha
2104800,Grajaú
2104800,Grajaú
2606309,Granito
2304707,Granja
2304806,Granjeiro
3127800,Grão Mogol
2304905,Groaíras
2404408,Grossos
3127909,Grupiara
3127909,Grupiara
2204501,Guadalupe
3517406,Guaíra
2304954,Guaiúba
2911659,Guajeru
2404507,Guamaré
2911709,Guanambi
3128105,Guapé
3517505,Guapiaçu
3517505,Guapiaçu
5209200,Guapó
3517703,Guará
2506301,Guarabira
3517901,Guaraci
3517901,Guaraci
2305001,Guaraciaba Do Norte
3128253,Guaraciama
1709302,Guaraí
1709302,Guaraí
5209291,Guaraíta
2305100,Guaramiranga
5209408,Guarani De Goiás
3128600,Guarda-mor
3518503,Guareí
3518503,Guareí
3518602,Guariba
2204550,Guaribas
2204550,Guaribas
2204550,Guaribas
2204550,Guaribas
5209457,Guarinos
3518859,Guatapará
5004106,Guia Lopes Da Laguna
3128907,Guimarânia
5104203,Guiratinga
3129103,Gurinhatã
3129103,Gurinhatã
2506400,Gurinhém
2506400,Gurinhém
2506509,Gurjão
1709500,Gurupi
5209606,Heitoraí
2911857,Heliópolis
2305209,Hidrolândia
5209705,Hidrolândia
5209804,Hidrolina
3519055,Holambra
2305233,Horizonte
2204600,Hugo Napoleão
2105005,Humberto De Campos
2105005,Humberto De Campos
3519105,Iacanga
3519105,Iacanga
5209903,Iaciara
2911907,Iaçu
3519253,Iaras
2606507,Iati
2305266,Ibaretama
3519303,Ibaté
3129509,Ibiá
3129608,Ibiaí
2305308,Ibiapina
2506608,Ibiara
2912004,Ibiassucê
2912202,Ibicoara
2305332,Ibicuitinga
2606606,Ibimirim
2912400,Ibipeba
2912509,Ibipitanga
2912608,Ibiquera
3129657,Ibiracatu
3129707,Ibiraci
2606705,Ibirajuba
2606705,Ibirajuba
3519501,Ibirarema
3519501,Ibirarema
2913002,Ibitiara
3519600,Ibitinga
3519600,Ibitinga
2913101,Ibititá
2913200,Ibotirama
2913200,Ibotirama
2305357,Icapuí
3130051,Icaraí De Minas
2105104,Icatu
2105104,Icatu
3519808,Icém
3519808,Icém
2913309,Ichu
2305407,Icó
2404606,Ielmo Marinho
3519907,Iepê
3519907,Iepê
2703106,Igaci
2703106,Igaci
2913408,Igaporã
3520004,Igaraçu Do Tietê
3520004,Igaraçu Do Tietê
2502607,Igaracy
3520103,Igarapava
2105203,Igarapé Grande
3130200,Igaratinga
3130200,Igaratinga
2703205,Igreja Nova
2703205,Igreja Nova
2606903,Iguaracy
3130309,Iguatama
2305506,Iguatu
2204659,Ilha Grande
3130507,Ilicínea
2506707,Imaculada
2105302,Imperatriz
2105302,Imperatriz
5209937,Inaciolândia
5209937,Inaciolândia
2607000,Inajá
3130655,Indaiabira
3130655,Indaiabira
2305605,Independência
3520608,Indiana
3520608,Indiana
3130705,Indianópolis
3130705,Indianópolis
5209952,Indiara
2506806,Ingá
2506806,Ingá
2607109,Ingazeira
2913705,Inhambupe
2913705,Inhambupe
2703304,Inhapi
3131000,Inhaúma
2204709,Inhuma
5210000,Inhumas
3131109,Inimutaba
5004403,Inocência
5210109,Ipameri
2404705,Ipanguaçu
2305654,Ipaporanga
2305704,Ipaumirim
2913804,Ipecaetá
2913804,Ipecaetá
3521101,Ipeúna
3521101,Ipeúna
3131406,Ipiaçu
3131406,Ipiaçu
3521150,Ipiguá
2914000,Ipirá
5210158,Ipiranga De Goiás
5104526,Ipiranga Do Norte
5104526,Ipiranga Do Norte
2204808,Ipiranga Do Piauí
5210208,Iporá
2305803,Ipu
3521309,Ipuã
2607307,Ipubi
2404804,Ipueira
2305902,Ipueiras
1709807,Ipueiras
2914109,Ipupiara
2306009,Iracema
3521408,Iracemápolis
3521408,Iracemápolis
3131604,Iraí De Minas
2914208,Irajuba
2914208,Irajuba
2914307,Iramaia
2914406,Iraquara
2914505,Irará
2914505,Irará
2306108,Irauçuba
2914604,Irecê
2204907,Isaías Coelho
5210307,Israelândia
2802908,Itabaiana
2506905,Itabaiana
2802908,Itabaiana
2506905,Itabaiana
2803005,Itabaianinha
2803005,Itabaianinha
3521705,Itaberá
3521705,Itaberá
2914703,Itaberaba
5210406,Itaberaí
3131703,Itabira
3131703,Itabira
1710508,Itacajá
3132008,Itacambira
3132107,Itacarambi
3132107,Itacarambi
2607406,Itacuruba
2915007,Itaeté
2915353,Itaguaçu Da Bahia
3132206,Itaguara
3132206,Itaguara
5210562,Itaguari
5210604,Itaguaru
1710706,Itaguatins
3521804,Itaí
2607505,Itaíba
2306207,Itaiçaba
2205003,Itainópolis
2105351,Itaipava Do Grajaú
2105351,Itaipava Do Grajaú
2306256,Itaitinga
2404853,Itajá
5210802,Itajá
5210802,Itajá
3521903,Itajobi
3521903,Itajobi
3522000,Itaju
3522000,Itaju
3132503,Itamarandiba
3132503,Itamarandiba
3132800,Itambé Do Mato Dentro
3132800,Itambé Do Mato Dentro
3132909,Itamogi
5210901,Itapaci
3133402,Itapagipe
3133402,Itapagipe
2306306,Itapajé
3133501,Itapecerica
3133501,Itapecerica
2105401,Itapecuru Mirim
2105401,Itapecuru Mirim
2607703,Itapetim
3522307,Itapetininga
3522307,Itapetininga
3522406,Itapeva
3522406,Itapeva
2916500,Itapicuru
2306405,Itapipoca
3522604,Itapira
3522604,Itapira
5211008,Itapirapuã
1710904,Itapiratins
2306504,Itapiúna
3522703,Itápolis
5004502,Itaporã
5004502,Itaporã
2507002,Itaporanga
3522802,Itaporanga
3522802,Itaporanga
2507101,Itapororoca
2507101,Itapororoca
5211206,Itapuranga
3523206,Itararé
2306553,Itarema
5211305,Itarumã
5211305,Itarumã
2916856,Itatim
2916856,Itatim
3523503,Itatinga
3523503,Itatinga
2306603,Itatira
2507200,Itatuba
2507200,Itatuba
2404903,Itaú
3133758,Itaú De Minas
3133758,Itaú De Minas
5211404,Itauçu
2205102,Itaueira
2205102,Itaueira
3133808,Itaúna
3133808,Itaúna
5104609,Itiquira
5104609,Itiquira
3523602,Itirapina
3523701,Itirapuã
2917003,Itiúba
3523800,Itobi
3523800,Itobi
2917201,Ituaçu
3134202,Ituiutaba
3134202,Ituiutaba
5211503,Itumbiara
5211503,Itumbiara
3134400,Iturama
3134400,Iturama
3524105,Ituverava
2917334,Iuiu
5211602,Ivolândia
3524204,Jaborandi
2917359,Jaborandi
3524303,Jaboticabal
3134608,Jaboticatubas
2405009,Jaçanã
2917409,Jacaraci
2917409,Jacaraci
2507309,Jacaraú
2507309,Jacaraú
2703403,Jacaré Dos Homens
5104807,Jaciara
5104807,Jaciara
2917508,Jacobina
2205151,Jacobina Do Piauí
3134806,Jacuí
3134806,Jacuí
2917706,Jaguarari
2306702,Jaguaretama
4112009,Jaguariaíva
4112009,Jaguariaíva
2306801,Jaguaribara
2306900,Jaguaribe
3524709,Jaguariúna
3524709,Jaguariúna
2307007,Jaguaruana
3135050,Jaíba
3135050,Jaíba
2205201,Jaicós
3135100,Janaúba
3135100,Janaúba
5211701,Jandaia
2405108,Jandaíra
2405207,Janduís
5104906,Jangada
3135209,Januária
3135209,Januária
2405306,Januário Cicco
3135308,Japaraíba
3135308,Japaraíba
2405405,Japi
3135357,Japonvar
5211800,Jaraguá
5004908,Jaraguari
2703700,Jaramataia
2307106,Jardim
5005004,Jardim
2405504,Jardim De Angicos
2405603,Jardim De Piranhas
2205250,Jardim Do Mulato
2405702,Jardim Do Seridó
3525102,Jardinópolis
5211909,Jataí
2608008,Jataúba
2307205,Jati
2608057,Jatobá
2105450,Jatobá
2205276,Jatobá Do Piauí
3525300,Jaú
3525300,Jaú
1711506,Jaú Do Tocantins
5212006,Jaupaci
5105002,Jauru
5105002,Jauru
3135456,Jenipapo De Minas
3135456,Jenipapo De Minas
2105476,Jenipapo Dos Vieiras
2918001,Jequié
2918001,Jequié
3135605,Jequitaí
3135704,Jequitibá
2918100,Jeremoabo
2507408,Jericó
3525409,Jeriquara
2205300,Jerumenha
2205300,Jerumenha
5212055,Jesúpolis
2307254,Jijoca de Jericoacoara
2608107,João Alfredo
2405801,João Câmara
2205359,João Costa
2405900,João Dias
2918357,João Dourado
2105500,João Lisboa
2105500,João Lisboa
3136306,João Pinheiro
3525607,João Ramalho
3525607,João Ramalho
3136405,Joaquim Felício
2205409,Joaquim Pires
2513653,Joca Claudino
2205458,Joca Marques
2205458,Joca Marques
2406007,José Da Penha
2205508,José De Freitas
2205508,José De Freitas
3136520,José Gonçalves De Minas
2105609,Joselândia
3136579,Josenópolis
5212105,Joviânia
2507606,Juarez Távora
1711803,Juarina
1711803,Juarina
2507705,Juazeirinho
2918407,Juazeiro
2307304,Juazeiro do Norte
2205516,Juazeiro Do Piauí
2307403,Jucás
2608255,Jucati
2608255,Jucati
2406106,Jucurutu
5105150,Juína
5105150,Juína
2205524,Júlio Borges
2205524,Júlio Borges
2507804,Junco Do Seridó
2608305,Jupi
2608305,Jupi
3136801,Juramento
2205532,Jurema
2205532,Jurema
2205532,Jurema
2205532,Jurema
2508000,Juru
5105200,Juscimeira
5105200,Juscimeira
2918506,Jussara
5212204,Jussara
2918605,Jussiape
3136959,Juvenília
3136959,Juvenília
2918704,Lafaiete Coutinho
2918704,Lafaiete Coutinho
3137106,Lagamar
2803500,Lagarto
2803500,Lagarto
2105708,Lago Da Pedra
2105708,Lago Da Pedra
2105807,Lago Do Junco
2105807,Lago Do Junco
2105948,Lago Dos Rodrigues
2508109,Lagoa
2205557,Lagoa Alegre
2205557,Lagoa Alegre
2406205,Lagoa D'anta
2704104,Lagoa Da Canoa
1711902,Lagoa Da Confusão
3137205,Lagoa Da Prata
3137205,Lagoa Da Prata
2508208,Lagoa De Dentro
2406304,Lagoa De Pedras
2205573,Lagoa De São Francisco
2406403,Lagoa De Velhos
2205565,Lagoa Do Barro Do Piauí
2205565,Lagoa Do Barro Do Piauí
2105922,Lagoa Do Mato
2105922,Lagoa Do Mato
2608602,Lagoa Do Ouro
2608602,Lagoa Do Ouro
2205581,Lagoa Do Piauí
2205599,Lagoa Do Sítio
1711951,Lagoa Do Tocantins
3137304,Lagoa Dos Patos
3137502,Lagoa Formosa
2608750,Lagoa Grande
3137536,Lagoa Grande
2105963,Lagoa Grande Do Maranhão
2406502,Lagoa Nova
2918753,Lagoa Real
2406601,Lagoa Salgada
5212253,Lagoa Santa
3137601,Lagoa Santa
2508307,Lagoa Seca
2205540,Lagoinha Do Piauí
1712009,Lajeado
2105989,Lajeado Novo
2919009,Lajedinho
2608800,Lajedo
2608800,Lajedo
2919058,Lajedo Do Tabocal
2919058,Lajedo Do Tabocal
2406700,Lajes
2406809,Lajes Pintadas
2919108,Lamarão
2205607,Landri Sales
2919157,Lapão
3138104,Lassance
2508406,Lastro
1712157,Lavandeira
2307502,Lavras Da Mangabeira
3138302,Leandro Ferreira
3138302,Leandro Ferreira
3526704,Leme
3526704,Leme
3138351,Leme Do Prado
2919306,Lençóis
3526803,Lençóis Paulista
3526803,Lençóis Paulista
5212303,Leopoldo De Bulhões
2919405,Licínio De Almeida
2919405,Licínio De Almeida
2106003,Lima Campos
3526902,Limeira
3526902,Limeira
3138625,Limeira Do Oeste
3138625,Limeira Do Oeste
2608909,Limoeiro
2608909,Limoeiro
2307601,Limoeiro Do Norte
2508505,Livramento
2919504,Livramento De Nossa Senhora
1712405,Lizarda
2508554,Logradouro
3138658,Lontra
2106102,Loreto
5105259,Lucas Do Rio Verde
5105259,Lucas Do Rio Verde
3527504,Lucianópolis
3527504,Lucianópolis
5105309,Luciara
2406908,Lucrécia
3527603,Luís Antônio
2205706,Luís Correia
2205706,Luís Correia
2919553,Luís Eduardo Magalhães
2407005,Luís Gomes
3138682,Luislândia
3527801,Lupércio
3527801,Lupércio
3527900,Lutécia
3527900,Lutécia
3138807,Luz
5212501,Luziânia
2205805,Luzilândia
2205805,Luzilândia
1712454,Luzinópolis
2407104,Macaíba
2407104,Macaíba
2919603,Macajuba
2803708,Macambira
2803708,Macambira
2609006,Macaparana
2609006,Macaparana
3528007,Macatuba
3528007,Macatuba
2407203,Macau
2919801,Macaúbas
2609105,Machados
2919900,Macururé
2307635,Madalena
2205854,Madeiro
2205854,Madeiro
2508703,Mãe D'água
2919959,Maetinga
2106300,Magalhães De Almeida
2106300,Magalhães De Almeida
3528304,Magda
3528304,Magda
2920106,Mairi
5212600,Mairipotaba
2704401,Major Isidoro
2407252,Major Sales
2920205,Malhada
2920205,Malhada
2920304,Malhada De Pedras
2803906,Malhador
2803906,Malhador
2508802,Malta
2508901,Mamanguape
2508901,Mamanguape
5212709,Mambaí
3139250,Mamonas
3139250,Mamonas
2509008,Manaíra
2609154,Manari
3528601,Manduri
3528601,Manduri
3139300,Manga
3139300,Manga
2205904,Manoel Emídio
2205904,Manoel Emídio
2920403,Manoel Vitorino
2920403,Manoel Vitorino
2920452,Mansidão
2920452,Mansidão
5212808,Mara Rosa
3528809,Maracaí
3528809,Maracaí
5005400,Maracaju
5005400,Maracaju
2307650,Maracanaú
2920502,Maracás
2920502,Maracás
2106359,Marajá Do Sena
2106359,Marajá Do Sena
2307700,Maranguape
2704609,Maravilha
3139706,Maravilhas
3139706,Maravilhas
2407302,Marcelino Vieira
2920809,Marcionílio Souza
2307809,Marco
2205953,Marcolândia
2205953,Marcolândia
2206001,Marcos Parente
2509107,Mari
2509107,Mari
1712504,Marianópolis Do Tocantins
3529005,Marília
3529005,Marília
2509156,Marizópolis
3140506,Martinho Campos
2307908,Martinópole
3529203,Martinópolis
3529203,Martinópolis
2407401,Martins
5212907,Marzagão
5212907,Marzagão
2308005,Massapê
2206050,Massapê Do Piauí
2509206,Massaranduba
2705002,Mata Grande
2106409,Mata Roma
3529302,Matão
3529302,Matão
1712702,Mateiros
1712702,Mateiros
3140852,Matias Cardoso
3140852,Matias Cardoso
2206100,Matias Olímpio
2206100,Matias Olímpio
2921054,Matina
2509339,Matinhas
2509370,Mato Grosso
3141009,Mato Verde
3141009,Mato Verde
3141009,Mato Verde
2106607,Matões
2106607,Matões
2106631,Matões Do Norte
3141108,Matozinhos
5212956,Matrinchã
2509396,Maturéia
3141207,Matutina
5213004,Maurilândia
1712801,Maurilândia Do Tocantins
2308104,Mauriti
2407500,Maxaranguape
2407500,Maxaranguape
3141306,Medeiros
3529609,Meridiano
3529609,Meridiano
2308203,Meruoca
2407609,Messias Targino
2206209,Miguel Alves
2206209,Miguel Alves
2921203,Miguel Calmon
2206308,Miguel Leão
3529708,Miguelópolis
2921302,Milagres
2308302,Milagres
2921302,Milagres
2106672,Milagres Do Maranhão
2106672,Milagres Do Maranhão
2308351,Milhã
2206357,Milton Brandão
5213053,Mimoso De Goiás
5213087,Minaçu
2705309,Minador Do Negrão
3141801,Minas Novas
3141801,Minas Novas
5213103,Mineiros
3529807,Mineiros Do Tietê
3529807,Mineiros Do Tietê
3142007,Mirabela
1713205,Miracema Do Tocantins
2106706,Mirador
2308377,Miraíma
5005608,Miranda
5005608,Miranda
2106755,Miranda Do Norte
2106755,Miranda Do Norte
2609303,Mirandiba
2921401,Mirangaba
1713304,Miranorte
1713304,Miranorte
2921450,Mirante
3530300,Mirassol
3530300,Mirassol
3530409,Mirassolândia
3142254,Miravânia
2308401,Missão Velha
3530508,Mococa
3530508,Mococa
3142403,Moema
2509404,Mogeiro
2509404,Mogeiro
3530706,Mogi Guaçu
3530805,Mogi Mirim
3530805,Mogi Mirim
5213400,Moiporá
2804102,Moita Bonita
2804102,Moita Bonita
2308500,Mombaça
3142502,Monjolos
2206407,Monsenhor Gil
2206506,Monsenhor Hipólito
2308609,Monsenhor Tabosa
2509503,Montadas
3142700,Montalvânia
2407708,Montanhas
2407708,Montanhas
2407807,Monte Alegre
2407807,Monte Alegre
5213509,Monte Alegre De Goiás
3142809,Monte Alegre De Minas
3142809,Monte Alegre De Minas
2804201,Monte Alegre De Sergipe
2206605,Monte Alegre Do Piauí
3531308,Monte Alto
3531308,Monte Alto
3531407,Monte Aprazível
3531407,Monte Aprazível
3142908,Monte Azul
3142908,Monte Azul
3531506,Monte Azul Paulista
3531506,Monte Azul Paulista
3143104,Monte Carmelo
3143104,Monte Carmelo
2407906,Monte Das Gameleiras
1713601,Monte Do Carmo
2509602,Monte Horebe
2921500,Monte Santo
3143203,Monte Santo De Minas
3143203,Monte Santo De Minas
1713700,Monte Santo Do Tocantins
2509701,Monteiro
2705408,Monteirópolis
2107001,Montes Altos
3143302,Montes Claros
5213707,Montes Claros De Goiás
3143450,Montezuma
3143450,Montezuma
3143450,Montezuma
5213756,Montividiu
5213772,Montividiu Do Norte
2308708,Morada Nova
3143500,Morada Nova De Minas
2308807,Moraújo
2614303,Moreilândia
2921609,Morpará
2921609,Morpará
2308906,Morrinhos
5213806,Morrinhos
5213806,Morrinhos
3531902,Morro Agudo
5213855,Morro Agudo De Goiás
2206654,Morro Cabeça No Tempo
2206654,Morro Cabeça No Tempo
2206654,Morro Cabeça No Tempo
2206654,Morro Cabeça No Tempo
3143609,Morro Da Garça
2921708,Morro Do Chapéu
2206670,Morro Do Chapéu Do Piauí
3143708,Morro Do Pilar
3143708,Morro Do Pilar
2107100,Morros
2107100,Morros
2921807,Mortugaba
5213905,Mossâmedes
2408003,Mossoró
3532058,Motuca
5214002,Mozarlândia
2309003,Mucambo
2921906,Mucugê
2509800,Mulungu
2309102,Mulungu
2509800,Mulungu
2922052,Mulungu Do Morro
2922102,Mundo Novo
5214051,Mundo Novo
2922250,Muquém Do São Francisco
2206696,Murici Dos Portelas
2206696,Murici Dos Portelas
1713957,Muricilândia
1713957,Muricilândia
5214101,Mutunópolis
3532157,Nantes
3532157,Nantes
2408102,Natal
2408102,Natal
3144375,Natalândia
1714203,Natividade
2509909,Natuba
2509909,Natuba
1714302,Nazaré
2206704,Nazaré Do Piauí
2510006,Nazarezinho
2206720,Nazária
2206720,Nazária
5214408,Nazário
3144607,Nepomuceno
3144607,Nepomuceno
5214507,Nerópolis
3532603,Nhandeara
3532603,Nhandeara
2107209,Nina Rodrigues
5005806,Nioaque
5214606,Niquelândia
5105903,Nobres
2922656,Nordestina
5106000,Nortelândia
5106000,Nortelândia
2804458,Nossa Senhora Aparecida
2804508,Nossa Senhora Da Glória
2804508,Nossa Senhora Da Glória
2804607,Nossa Senhora Das Dores
2804607,Nossa Senhora Das Dores
2804706,Nossa Senhora De Lourdes
2804706,Nossa Senhora De Lourdes
2206753,Nossa Senhora De Nazaré
5106109,Nossa Senhora Do Livramento
5106109,Nossa Senhora Do Livramento
2206803,Nossa Senhora Dos Remédios
5006002,Nova Alvorada Do Sul
5006002,Nova Alvorada Do Sul
5214705,Nova América
5006200,Nova Andradina
5006200,Nova Andradina
5214804,Nova Aurora
5214804,Nova Aurora
5106208,Nova Brasilândia
3532827,Nova Campina
3532827,Nova Campina
2107258,Nova Colinas
5214838,Nova Crixás
2408300,Nova Cruz
2408300,Nova Cruz
3532900,Nova Europa
2922730,Nova Fátima
2510105,Nova Floresta
5214861,Nova Glória
3533007,Nova Granada
3533007,Nova Granada
5214879,Nova Iguaçu De Goiás
2107308,Nova Iorque
2922805,Nova Itarana
2922805,Nova Itarana
5106182,Nova Lacerda
5106182,Nova Lacerda
5108907,Nova Maringá
5108907,Nova Maringá
5106224,Nova Mutum
5106224,Nova Mutum
5106174,Nova Nazaré
3533403,Nova Odessa
3533403,Nova Odessa
1714880,Nova Olinda
2510204,Nova Olinda
2309201,Nova Olinda
1714880,Nova Olinda
2510303,Nova Palmeira
3145000,Nova Ponte
3145059,Nova Porteirinha
3145059,Nova Porteirinha
2922854,Nova Redenção
5214903,Nova Roma
1715002,Nova Rosalândia
2309300,Nova Russas
2207959,Nova Santa Rita
3145208,Nova Serrana
2922904,Nova Soure
5106240,Nova Ubiratã
5106240,Nova Ubiratã
3136603,Nova União
5215009,Nova Veneza
5106257,Nova Xavantina
1715101,Novo Acordo
1715150,Novo Alegre
5215207,Novo Brasil
5215231,Novo Gama
2923035,Novo Horizonte
3533502,Novo Horizonte
3533502,Novo Horizonte
1715259,Novo Jardim
2309409,Novo Oriente
2206902,Novo Oriente Do Piauí
5215256,Novo Planalto
2206951,Novo Santo Antônio
5106315,Novo Santo Antônio
5106281,Novo São Joaquim
2923050,Novo Triunfo
3145372,Novorizonte
3145372,Novorizonte
3533601,Nuporanga
2309458,Ocara
3533700,Ocauçu
3533700,Ocauçu
2207009,Oeiras
3533809,Óleo
3533809,Óleo
2510402,Olho D'água
2705705,Olho D'água Das Flores
2408409,Olho D'água Do Borges
2705804,Olho D'água Do Casado
2207108,Olho D'água Do Piauí
2705903,Olho D'água Grande
2705903,Olho D'água Grande
3145455,Olhos-d'água
3533908,Olímpia
3533908,Olímpia
2923100,Olindina
2510501,Olivedos
1715507,Oliveira De Fátima
2923209,Oliveira Dos Brejinhos
2706000,Olivença
3145802,Onça De Pitangui
3145802,Onça De Pitangui
3534005,Onda Verde
3534005,Onda Verde
3534203,Orindiúva
3534203,Orindiúva
5215306,Orizona
3534302,Orlândia
2609709,Orobó
2609808,Orocó
2309508,Orós
3534500,Oscar Bressane
3534500,Oscar Bressane
2923308,Ouriçangas
2923308,Ouriçangas
2609907,Ouricuri
2408508,Ouro Branco
2706109,Ouro Branco
2510600,Ouro Velho
5215405,Ouro Verde De Goiás
2923357,Ourolândia
5215504,Ouvidor
5215504,Ouvidor
2309607,Pacajus
2309706,Pacatuba
2309805,Pacoti
2309904,Pacujá
5215603,Padre Bernardo
3146255,Padre Carvalho
2207207,Padre Marcos
2207306,Paes Landim
3146552,Pai Pedro
3146552,Pai Pedro
3146404,Paineiras
3146503,Pains
2207355,Pajeú Do Piauí
2706208,Palestina
3535002,Palestina
3535002,Palestina
5215652,Palestina De Goiás
2310001,Palhano
2310100,Palmácia
1721000,Palmas
2923407,Palmas De Monte Alto
2923407,Palmas De Monte Alto
2207405,Palmeira Do Piauí
2706307,Palmeira Dos Índios
2706307,Palmeira Dos Índios
2207504,Palmeirais
2207504,Palmeirais
1715705,Palmeirante
2923506,Palmeiras
5215702,Palmeiras De Goiás
1713809,Palmeiras Do Tocantins
1715754,Palmeirópolis
5215801,Palmelo
5215900,Palminópolis
3535309,Palmital
3535309,Palmital
5216007,Panamá
5216007,Panamá
2706406,Pão De Açúcar
3146909,Papagaios
2207553,Paquetá
3147105,Pará De Minas
3147105,Pará De Minas
3147006,Paracatu
2310209,Paracuru
3535507,Paraguaçu Paulista
3535507,Paraguaçu Paulista
2107704,Paraibano
2310258,Paraipaba
5006275,Paraíso Das Águas
1716109,Paraíso Do Tocantins
2310308,Parambu
2923605,Paramirim
2310407,Paramoti
2408607,Paraná
1716208,Paranã
5006309,Paranaíba
5006309,Paranaíba
5216304,Paranaiguara
5216304,Paranaiguara
3535804,Paranapanema
3535804,Paranapanema
2610301,Paranatama
2610301,Paranatama
5106307,Paranatinga
5106307,Paranatinga
3147402,Paraopeba
2510659,Parari
2923704,Paratinga
2923704,Paratinga
2408706,Paraú
5216403,Paraúna
2408805,Parazinho
3536109,Pardinho
3536109,Pardinho
2408904,Parelhas
2706422,Pariconha
2923803,Paripiranga
3536257,Parisi
3536257,Parisi
2207603,Parnaguá
2207603,Parnaguá
2207702,Parnaíba
2207702,Parnaíba
2610400,Parnamirim
2107803,Parnarama
2107803,Parnarama
2409100,Passa E Fica
2510709,Passagem
2409209,Passagem
2409209,Passagem
2107902,Passagem Franca
2207751,Passagem Franca Do Piauí
2610509,Passira
2610509,Passira
3147907,Passos
3147907,Passos
2108009,Pastos Bons
3147956,Patis
2510808,Patos
3148004,Patos de Minas
2207777,Patos Do Piauí
3148103,Patrocínio
3536307,Patrocínio Paulista
2409308,Patu
1716307,Pau D'arco
1716307,Pau D'arco
2207793,Pau D'arco Do Piauí
2207793,Pau D'arco Do Piauí
2409407,Pau Dos Ferros
3536505,Paulínia
3536505,Paulínia
2108058,Paulino Neves
2510907,Paulista
2207801,Paulistana
3536570,Paulistânia
2924009,Paulo Afonso
3536604,Paulo De Faria
3536604,Paulo De Faria
2706604,Paulo Jacinto
2706604,Paulo Jacinto
2108108,Paulo Ramos
2108108,Paulo Ramos
2207850,Pavussu
2207850,Pavussu
2924058,Pé De Serra
2924058,Pé De Serra
3536703,Pederneiras
3536703,Pederneiras
2610806,Pedra
2511004,Pedra Branca
2310506,Pedra Branca
2409506,Pedra Grande
2511103,Pedra Lavrada
2805000,Pedra Mole
2409605,Pedra Preta
5106372,Pedra Preta
3149150,Pedras De Maria Da Cruz
3149150,Pedras De Maria Da Cruz
3537008,Pedregulho
2108207,Pedreiras
3149200,Pedrinópolis
1716505,Pedro Afonso
2924207,Pedro Alexandre
2409704,Pedro Avelino
5006408,Pedro Gomes
2207900,Pedro Ii
2207934,Pedro Laurentino
3149309,Pedro Leopoldo
2512721,Pedro Régis
2409803,Pedro Velho
2409803,Pedro Velho
1716604,Peixe
2310605,Penaforte
2409902,Pendências
2706703,Penedo
2706703,Penedo
2310704,Pentecoste
3149606,Pequi
3149606,Pequi
1716653,Pequizeiro
1716653,Pequizeiro
3149705,Perdigão
3149804,Perdizes
2310803,Pereiro
2108454,Peritoró
5216452,Perolândia
2610905,Pesqueira
2611002,Petrolândia
2611101,Petrolina
5216809,Petrolina De Goiás
2511301,Piancó
2924306,Piatã
2208007,Picos
2511400,Picuí
2924405,Pilão Arcado
2924405,Pilão Arcado
2924405,Pilão Arcado
2924405,Pilão Arcado
5216908,Pilar De Goiás
2511608,Pilões
2410009,Pilões
2511707,Pilõezinhos
3150505,Pimenta
2208106,Pimenteiras
2924504,Pindaí
2924504,Pindaí
2924603,Pindobaçu
3538105,Pindorama
3538105,Pindorama
1717008,Pindorama Do Tocantins
2310852,Pindoretama
2805208,Pinhão
2924652,Pintadas
3150570,Pintópolis
2208205,Pio Ix
2310902,Piquet Carneiro
5217104,Piracanjuba
3538709,Piracicaba
3538709,Piracicaba
2208304,Piracuruca
4119400,Piraí Do Sul
4119400,Piraí Do Sul
3538808,Piraju
3538808,Piraju
3150703,Pirajuba
3538907,Pirajuí
3538907,Pirajuí
2707107,Piranhas
5217203,Piranhas
2108801,Pirapemas
3151206,Pirapora
1717206,Piraquê
1717206,Piraquê
3539301,Pirassununga
3539301,Pirassununga
3539400,Piratininga
3539400,Piratininga
5217302,Pirenópolis
5217401,Pires Do Rio
2310951,Pires Ferreira
2924702,Piripá
2924702,Piripá
2208403,Piripiri
2924801,Piritiba
2511806,Pirpirituba
3539509,Pitangueiras
3151404,Pitangui
3151404,Pitangui
1717503,Pium
1717503,Pium
3151503,Piumhi
5217609,Planaltina
2924900,Planaltino
2924900,Planaltino
2925006,Planalto
2925006,Planalto
5106455,Planalto Da Serra
3151602,Planura
3539707,Platina
3539707,Platina
2611200,Poção
2108900,Poção De Pedras
2512002,Pocinhos
2410108,Poço Branco
2512036,Poço Dantas
2707206,Poço Das Trincheiras
2512077,Poço De José De Moura
2805406,Poço Redondo
2805505,Poço Verde
2925105,Poções
2925105,Poções
5106505,Poconé
5106505,Poconé
2512101,Pombal
3152006,Pompéu
5006606,Ponta Porã
5006606,Ponta Porã
3540200,Pontal
5106653,Pontal Do Araguaia
5217708,Pontalina
1717800,Ponte Alta Do Bom Jesus
1717909,Ponte Alta Do Tocantins
5106703,Ponte Branca
5106752,Pontes E Lacerda
5106752,Pontes E Lacerda
3540309,Pontes Gestal
3540309,Pontes Gestal
3152131,Ponto Chique
2925253,Ponto Novo
2311009,Poranga
5218003,Porangatu
2410207,Portalegre
5218052,Porteirão
2311108,Porteiras
3152204,Porteirinha
3152204,Porteirinha
3152204,Porteirinha
5218102,Portelândia
2208502,Porto
2208502,Porto
5106778,Porto Alegre Do Norte
5106778,Porto Alegre Do Norte
2208551,Porto Alegre Do Piauí
1718006,Porto Alegre Do Tocantins
2805604,Porto Da Folha
2410256,Porto Do Mangue
5106851,Porto Estrela
5106851,Porto Estrela
3540705,Porto Ferreira
3540705,Porto Ferreira
2109007,Porto Franco
5006903,Porto Murtinho
5006903,Porto Murtinho
1718204,Porto Nacional
2707503,Porto Real Do Colégio
2707503,Porto Real Do Colégio
5218300,Posse
2311207,Potengi
2311231,Potiretama
5107008,Poxoréu
3540903,Pradópolis
1718303,Praia Norte
2512200,Prata
3152808,Prata
3152808,Prata
2208601,Prata Do Piauí
3541059,Pratânia
3152907,Pratápolis
3152907,Pratápolis
3153004,Pratinha
3541109,Presidente Alves
3541109,Presidente Alves
2925600,Presidente Dutra
2109106,Presidente Dutra
2925709,Presidente Jânio Quadros
3153202,Presidente Juscelino
1718402,Presidente Kennedy
1718402,Presidente Kennedy
3153400,Presidente Olegário
2109304,Presidente Vargas
2109304,Presidente Vargas
5107040,Primavera do Leste
2109403,Primeira Cruz
2109403,Primeira Cruz
2512309,Princesa Isabel
5218391,Professor Jamil
3153608,Prudente De Morais
1718451,Pugmil
2410405,Pureza
2410405,Pureza
2512408,Puxinanã
3153707,Quartel Geral
3541703,Quatá
3541703,Quatá
2707602,Quebrangulo
2707602,Quebrangulo
2208650,Queimada Nova
2208650,Queimada Nova
2925808,Queimadas
2512507,Queimadas
2925907,Quijingue
5218508,Quirinópolis
5218508,Quirinópolis
2311264,Quiterianópolis
2512606,Quixaba
2611533,Quixaba
2925931,Quixabeira
2311306,Quixadá
2311355,Quixelô
2311405,Quixeramobim
2311504,Quixeré
2410504,Rafael Fernandes
2410603,Rafael Godeiro
2925956,Rafael Jambeiro
2925956,Rafael Jambeiro
3542206,Rancharia
3542206,Rancharia
1718501,Recursolândia
2311603,Redenção
2208700,Redenção Do Gurguéia
2208700,Redenção Do Gurguéia
2208809,Regeneração
3542404,Regente Feijó
3542404,Regente Feijó
3542503,Reginópolis
3542503,Reginópolis
2926004,Remanso
2926004,Remanso
2512705,Remígio
2311702,Reriutaba
5107156,Reserva Do Cabaçal
5107156,Reserva Do Cabaçal
3542701,Restinga
2926103,Retirolândia
2512747,Riachão
2109502,Riachão
2926202,Riachão Das Neves
2512754,Riachão Do Bacamarte
2805802,Riachão Do Dantas
2805802,Riachão Do Dantas
2926301,Riachão Do Jacuípe
2926301,Riachão Do Jacuípe
2512762,Riachão Do Poço
2512762,Riachão Do Poço
1718550,Riachinho
1718550,Riachinho
3154457,Riachinho
2410702,Riacho Da Cruz
2611705,Riacho Das Almas
2611705,Riacho Das Almas
2410801,Riacho De Santana
2926400,Riacho De Santana
2926400,Riacho De Santana
2512788,Riacho De Santo Antônio
2512804,Riacho Dos Cavalos
3154507,Riacho Dos Machados
3154507,Riacho Dos Machados
2208858,Riacho Frio
2410900,Riachuelo
5218607,Rialma
5218706,Rianápolis
2109551,Ribamar Fiquene
5007109,Ribas Do Rio Pardo
2926509,Ribeira Do Amparo
2208874,Ribeira Do Piauí
2926608,Ribeira Do Pombal
3542909,Ribeirão Bonito
5107180,Ribeirão Cascalheira
5107180,Ribeirão Cascalheira
3543105,Ribeirão Corrente
3154606,Ribeirão Das Neves
3543204,Ribeirão Do Sul
3543204,Ribeirão Do Sul
3543402,Ribeirão Preto
5107198,Ribeirãozinho
2208908,Ribeiro Gonçalves
2806008,Ribeirópolis
2806008,Ribeirópolis
3543600,Rifaina
3543709,Rincão
5007208,Rio Brilhante
5007208,Rio Brilhante
3543907,Rio Claro
3543907,Rio Claro
1718659,Rio Da Conceição
3544004,Rio Das Pedras
3544004,Rio Das Pedras
2926707,Rio De Contas
2926806,Rio Do Antônio
2408953,Rio Do Fogo
2408953,Rio Do Fogo
2926905,Rio Do Pires
1718709,Rio Dos Bois
2209005,Rio Grande Do Piauí
5007307,Rio Negro
5007307,Rio Negro
3155504,Rio Paranaíba
3155603,Rio Pardo De Minas
3155603,Rio Pardo De Minas
5218789,Rio Quente
2927002,Rio Real
2927002,Rio Real
1718758,Rio Sono
5218805,Rio Verde
5007406,Rio Verde De Mato Grosso
5007406,Rio Verde De Mato Grosso
3156007,Rio Vermelho
3156007,Rio Vermelho
3543501,Riversul
3543501,Riversul
5007505,Rochedo
2927101,Rodelas
2411007,Rodolfo Fernandes
3156403,Romaria
5107602,Rondonópolis
5107701,Rosário Oeste
3156502,Rubelita
3156502,Rubelita
5218904,Rubiataba
2311801,Russas
2927200,Ruy Barbosa
2411106,Ruy Barbosa
3156700,Sabará
3156700,Sabará
2311900,Saboeiro
3156908,Sacramento
2612000,Sairé
2612000,Sairé
3544905,Sales Oliveira
2612109,Salgadinho
2513000,Salgadinho
2612109,Salgadinho
2513109,Salgado De São Félix
2513109,Salgado De São Félix
2612208,Salgueiro
3157005,Salinas
3157005,Salinas
2311959,Salitre
2311959,Salitre
2612307,Saloá
2612307,Saloá
3545159,Saltinho
3545159,Saltinho
5107750,Salto Do Céu
5107750,Salto Do Céu
2109700,Sambaíba
1718808,Sampaio
1718808,Sampaio
5219001,Sanclerlândia
1718840,Sandolândia
2612406,Sanharó
3545605,Santa Adélia
3545605,Santa Adélia
2927507,Santa Bárbara
2927507,Santa Bárbara
3545803,Santa Bárbara D'oeste
3545803,Santa Bárbara D'oeste
5219100,Santa Bárbara De Goiás
2927606,Santa Brígida
2513158,Santa Cecília
2513208,Santa Cruz
2411205,Santa Cruz
2612455,Santa Cruz
2612471,Santa Cruz Da Baixa Verde
3546207,Santa Cruz Da Conceição
3546207,Santa Cruz Da Conceição
3546256,Santa Cruz Da Esperança
3546256,Santa Cruz Da Esperança
3546306,Santa Cruz Das Palmeiras
3546306,Santa Cruz Das Palmeiras
5219209,Santa Cruz De Goiás
3157377,Santa Cruz De Salinas
3157377,Santa Cruz De Salinas
2612505,Santa Cruz Do Capibaribe
2209104,Santa Cruz Do Piauí
3546405,Santa Cruz Do Rio Pardo
3546405,Santa Cruz Do Rio Pardo
2209153,Santa Cruz Dos Milagres
3546504,Santa Ernestina
5219258,Santa Fé De Goiás
3157609,Santa Fé De Minas
2612554,Santa Filomena
2612554,Santa Filomena
2209203,Santa Filomena
2109759,Santa Filomena Do Maranhão
2513307,Santa Helena
5219308,Santa Helena De Goiás
2513356,Santa Inês
5219357,Santa Isabel
3157708,Santa Juliana
3546900,Santa Lúcia
2209302,Santa Luz
2209302,Santa Luz
2513406,Santa Luzia
3157807,Santa Luzia
3157807,Santa Luzia
2409332,Santa Maria
2612604,Santa Maria Da Boa Vista
3547007,Santa Maria Da Serra
2928109,Santa Maria Da Vitória
1506583,Santa Maria Das Barreiras
1506583,Santa Maria Das Barreiras
2612703,Santa Maria Do Cambucá
1718881,Santa Maria Do Tocantins
2312205,Santa Quitéria
2110104,Santa Quitéria Do Maranhão
2110104,Santa Quitéria Do Maranhão
2110203,Santa Rita
2110203,Santa Rita
2928406,Santa Rita De Cássia
2928406,Santa Rita De Cássia
5219407,Santa Rita Do Araguaia
5219456,Santa Rita Do Novo Destino
5007554,Santa Rita Do Pardo
5007554,Santa Rita Do Pardo
3547502,Santa Rita Do Passa Quatro
3547502,Santa Rita Do Passa Quatro
1718899,Santa Rita Do Tocantins
5107768,Santa Rita Do Trivelato
3159704,Santa Rosa Da Serra
5219506,Santa Rosa De Goiás
3547601,Santa Rosa De Viterbo
3547601,Santa Rosa De Viterbo
2209377,Santa Rosa Do Piauí
1718907,Santa Rosa Do Tocantins
2513802,Santa Teresinha
5219605,Santa Tereza De Goiás
1719004,Santa Tereza Do Tocantins
5107776,Santa Terezinha
2928505,Santa Terezinha
2612802,Santa Terezinha
5107776,Santa Terezinha
2928505,Santa Terezinha
5219704,Santa Terezinha De Goiás
1720002,Santa Terezinha Do Tocantins
3159803,Santa Vitória
3159803,Santa Vitória
2928000,Santaluz
2928208,Santana
2513505,Santana De Mangueira
3158508,Santana De Pirapama
2312007,Santana Do Acaraú
1506708,Santana Do Araguaia
1506708,Santana Do Araguaia
2312106,Santana Do Cariri
2708006,Santana Do Ipanema
2110237,Santana Do Maranhão
2411403,Santana Do Matos
2209351,Santana Do Piauí
3159001,Santana do Riacho
2411429,Santana Do Seridó
2513604,Santana Dos Garrotes
2928307,Santanópolis
2928604,Santo Amaro
2928604,Santo Amaro
2110278,Santo Amaro Do Maranhão
2110278,Santo Amaro Do Maranhão
2513851,Santo André
2411502,Santo Antônio
3547908,Santo Antônio Da Alegria
3547908,Santo Antônio Da Alegria
5219712,Santo Antônio Da Barra
5219738,Santo Antônio De Goiás
2209401,Santo Antônio De Lisboa
3548005,Santo Antônio De Posse
3548005,Santo Antônio De Posse
5219753,Santo Antônio Do Descoberto
5107792,Santo Antônio Do Leste
5107800,Santo Antônio Do Leverger
5107800,Santo Antônio Do Leverger
3160405,Santo Antônio Do Monte
3160405,Santo Antônio Do Monte
3160454,Santo Antônio Do Retiro
3160454,Santo Antônio Do Retiro
3160504,Santo Antônio Do Rio Abaixo
3160504,Santo Antônio Do Rio Abaixo
2110302,Santo Antônio Dos Lopes
2209450,Santo Antônio Dos Milagres
2928802,Santo Estêvão
2928802,Santo Estêvão
3160603,Santo Hipólito
2209500,Santo Inácio Do Piauí
2312304,São Benedito
2110401,São Benedito Do Rio Preto
2513927,São Bentinho
2513901,São Bento
2411601,São Bento Do Norte
1720101,São Bento Do Tocantins
1720101,São Bento Do Tocantins
2411700,São Bento Do Trairí
2613008,São Bento Do Una
2110609,São Bernardo
2110609,São Bernardo
2708204,São Brás
2708204,São Brás
2209559,São Braz Do Piauí
2613107,São Caitano
3548906,São Carlos
2928901,São Desidério
2806800,São Domingos
2928950,São Domingos
2513968,São Domingos
5219803,São Domingos
2806800,São Domingos
2110658,São Domingos Do Azeitão
2513943,São Domingos Do Cariri
2110708,São Domingos Do Maranhão
2110807,São Félix De Balsas
5107859,São Félix Do Araguaia
5107859,São Félix Do Araguaia
2929057,São Félix Do Coribe
2209609,São Félix Do Piauí
1720150,São Félix Do Tocantins
2411809,São Fernando
2513984,São Francisco
3161106,São Francisco
2209658,São Francisco De Assis Do Piauí
5219902,São Francisco De Goiás
3161304,São Francisco De Sales
3161304,São Francisco De Sales
2110906,São Francisco Do Maranhão
2110906,São Francisco Do Maranhão
2411908,São Francisco Do Oeste
2209708,São Francisco Do Piauí
2929255,São Gabriel
5007695,São Gabriel Do Oeste
3161700,São Gonçalo Do Abaeté
2312403,São Gonçalo Do Amarante
2412005,São Gonçalo Do Amarante
2412005,São Gonçalo Do Amarante
2209757,São Gonçalo Do Gurguéia
3161809,São Gonçalo Do Pará
2209807,São Gonçalo Do Piauí
3161908,São Gonçalo Do Rio Abaixo
3161908,São Gonçalo Do Rio Abaixo
3125507,São Gonçalo Do Rio Preto
2929305,São Gonçalo Dos Campos
2929305,São Gonçalo Dos Campos
3162104,São Gotardo
3162203,São João Batista Do Glória
5220009,São João D'aliança
3549102,São João Da Boa Vista
3549102,São João Da Boa Vista
2209856,São João Da Canabrava
2209872,São João Da Fronteira
3162252,São João Da Lagoa
5220058,São João Da Paraúna
3162401,São João Da Ponte
3162401,São João Da Ponte
2209906,São João Da Serra
2209955,São João Da Varjota
3162450,São João Das Missões
3162450,São João Das Missões
3549250,São João De Iracema
3549250,São João De Iracema
2209971,São João Do Arraial
2209971,São João Do Arraial
2514008,São João Do Cariri
2312502,São João Do Jaguaribe
3162658,São João Do Pacuí
3162708,São João Do Paraíso
2111052,São João Do Paraíso
3162708,São João Do Paraíso
2210003,São João Do Piauí
2500700,São João Do Rio Do Peixe
2412104,São João Do Sabugi
2111078,São João Do Soter
2514107,São João Do Tigre
2111102,São João Dos Patos
2111102,São João Dos Patos
3549409,São Joaquim Da Barra
2613305,São Joaquim Do Monte
2613305,São Joaquim Do Monte
3162948,São José Da Barra
3549508,São José Da Bela Vista
4125407,São José Da Boa Vista
4125407,São José Da Boa Vista
2514206,São José Da Lagoa Tapada
3162955,São José Da Lapa
2708402,São José Da Tapera
3163102,São José Da Varginha
3163102,São José Da Varginha
2514305,São José De Caiana
2514404,São José De Espinharas
2412203,São José De Mipibu
2412203,São José De Mipibu
2514503,São José De Piranhas
2514552,São José De Princesa
2613503,São José Do Belmonte
2514602,São José Do Bonfim
2514651,São José Do Brejo Do Cruz
2412302,São José Do Campestre
2210052,São José Do Divino
2613602,São José Do Egito
2929370,São José Do Jacuípe
2210102,São José Do Peixe
2210201,São José Do Piauí
5107297,São José Do Povo
5107305,São José Do Rio Claro
5107305,São José Do Rio Claro
3549706,São José Do Rio Pardo
3549706,São José Do Rio Pardo
3549805,São José do Rio Preto
3549805,São José do Rio Preto
2514701,São José Do Sabugi
2412401,São José Do Seridó
2111250,São José Dos Basílios
2514800,São José Dos Cordeiros
2514453,São José Dos Ramos
2514453,São José Dos Ramos
2210300,São Julião
2210359,São Lourenço Do Piauí
5220108,São Luís De Montes Belos
2312601,São Luís Do Curu
2210375,São Luis Do Piauí
2111409,São Luís Gonzaga Do Maranhão
2111409,São Luís Gonzaga Do Maranhão
5220157,São Luiz Do Norte
2514909,São Mamede
3550100,São Manuel
3550100,São Manuel
2111508,São Mateus Do Maranhão
2111508,São Mateus Do Maranhão
2412500,São Miguel
2210383,São Miguel Da Baixa Grande
2807006,São Miguel Do Aleixo
2807006,São Miguel Do Aleixo
5220207,São Miguel Do Araguaia
2210391,São Miguel Do Fidalgo
2412559,São Miguel do Gostoso
5220264,São Miguel Do Passa Quatro
2210409,São Miguel Do Tapuio
1720200,São Miguel Do Tocantins
5220280,São Patrício
2412609,São Paulo Do Potengi
2412708,São Pedro
3550407,São Pedro
5107404,São Pedro Da Cipa
2210508,São Pedro Do Piauí
3550506,São Pedro Do Turvo
3550506,São Pedro Do Turvo
2111573,São Pedro Dos Crentes
2412807,São Rafael
2111607,São Raimundo Das Mangabeiras
2111631,São Raimundo Do Doca Bezerra
2210607,São Raimundo Nonato
2111672,São Roberto
3164209,São Romão
3164308,São Roque De Minas
1720259,São Salvador Do Tocantins
2515104,São Sebastião De Lagoa De Roça
3164605,São Sebastião Do Oeste
3164605,São Sebastião Do Oeste
3164704,São Sebastião Do Paraíso
3164704,São Sebastião Do Paraíso
3164803,São Sebastião Do Rio Preto
3164803,São Sebastião Do Rio Preto
2515203,São Sebastião Do Umbuzeiro
3550902,São Simão
3165107,São Tomás De Aquino
2412906,São Tomé
1720499,São Valério
2413003,São Vicente
2515401,São Vicente Do Seridó
2613800,São Vicente Férrer
2613800,São Vicente Férrer
2515302,Sapé
2515302,Sapé
5107875,Sapezal
3551108,Sarapuí
3551108,Sarapuí
2929701,Sátiro Dias
2929800,Saúde
2929909,Seabra
3551306,Sebastianópolis Do Sul
3551306,Sebastianópolis Do Sul
2210623,Sebastião Barros
2210623,Sebastião Barros
2930006,Sebastião Laranjeiras
2930006,Sebastião Laranjeiras
2210631,Sebastião Leal
2210631,Sebastião Leal
5007802,Selvíria
5007802,Selvíria
2111748,Senador Alexandre Costa
5220454,Senador Canedo
2413102,Senador Elói De Souza
2111763,Senador La Rocque
2111763,Senador La Rocque
3165909,Senador Modestino Gonçalves
3165909,Senador Modestino Gonçalves
2312700,Senador Pompeu
2708956,Senador Rui Palmeira
2312809,Senador Sá
4126306,Sengés
4126306,Sengés
2930105,Senhor Do Bonfim
2930204,Sento Sé
3551405,Serra Azul
2515500,Serra Branca
2410306,Serra Caiada
2515609,Serra Da Raiz
3166600,Serra Da Saudade
2413300,Serra De São Bento
2413359,Serra Do Mel
2930154,Serra Do Ramalho
3166808,Serra Do Salitre
2930303,Serra Dourada
2515708,Serra Grande
2413409,Serra Negra Do Norte
5107883,Serra Nova Dourada
5107883,Serra Nova Dourada
2930402,Serra Preta
2930402,Serra Preta
2515807,Serra Redonda
2613909,Serra Talhada
3551504,Serrana
5220504,Serranópolis
3166956,Serranópolis De Minas
3166956,Serranópolis De Minas
2515906,Serraria
2413508,Serrinha
2930501,Serrinha
2413557,Serrinha Dos Pintos
2614006,Serrita
3167103,Serro
3167103,Serro
2930600,Serrolândia
2614105,Sertânia
2515930,Sertãozinho
3551702,Sertãozinho
3167202,Sete Lagoas
2413607,Severiano Melo
5007901,Sidrolândia
2210656,Sigefredo Pacheco
5220603,Silvânia
1720655,Silvanópolis
2807105,Simão Dias
2210706,Simões
2210706,Simões
5220686,Simolândia
2210805,Simplício Mendes
5220702,Sítio D'abadia
2930758,Sítio Do Mato
2930766,Sítio Do Quinto
2413706,Sítio Novo
2111805,Sítio Novo
1720804,Sítio Novo Do Tocantins
2930774,Sobradinho
2515971,Sobrado
2515971,Sobrado
2312908,Sobral
2210904,Socorro Do Piauí
2516003,Solânea
2516102,Soledade
2614402,Solidão
2313005,Solonópole
5007935,Sonora
5007935,Sonora
5107925,Sorriso
5107925,Sorriso
2516151,Sossêgo
2516201,Sousa
2930808,Souto Soares
1720853,Sucupira
2111904,Sucupira Do Norte
2111953,Sucupira Do Riachão
2111953,Sucupira Do Riachão
2516300,Sumé
2614501,Surubim
2210938,Sussuapara
3552601,Tabapuã
3552601,Tabapuã
3552700,Tabatinga
2614600,Tabira
2930907,Tabocas Do Brejo Velho
2413805,Taboleiro Grande
2313104,Tabuleiro Do Norte
2614709,Tacaimbó
2614808,Tacaratu
3552908,Taciba
3552908,Taciba
2516409,Tacima
1720903,Taguatinga
3553104,Taiaçu
3553104,Taiaçu
3168002,Taiobeiras
3168002,Taiobeiras
1720937,Taipas Do Tocantins
2413904,Taipu
3553203,Taiúva
3553203,Taiúva
1720978,Talismã
3553302,Tambaú
3553302,Tambaú
2313203,Tamboril
2210953,Tamboril Do Piauí
3553401,Tanabi
2414001,Tangará
5107958,Tangará Da Serra
5107958,Tangará Da Serra
2931004,Tanhaçu
2210979,Tanque Do Piauí
2931053,Tanque Novo
2931103,Tanquinho
2931103,Tanquinho
2516508,Taperoá
3168101,Tapira
3168200,Tapiraí
2931301,Tapiramutá
5108006,Tapurah
5108006,Tapurah
3168309,Taquaraçu De Minas
3553658,Taquaral
5221007,Taquaral De Goiás
3553708,Taquaritinga
3553708,Taquaritinga
2615003,Taquaritinga Do Norte
3553807,Taquarituba
3553807,Taquarituba
3553856,Taquarivaí
3553856,Taquarivaí
2313252,Tarrafas
3553955,Tarumã
3553955,Tarumã
2112001,Tasso Fragoso
2313302,Tauá
2516607,Tavares
2516706,Teixeira
2313351,Tejuçuoca
3554201,Tejupá
3554201,Tejupá
4127106,Telêmaco Borba
4127106,Telêmaco Borba
2414100,Tenente Ananias
2414159,Tenente Laurentino Cruz
2516755,Tenório
2931509,Teofilândia
2709152,Teotônio Vilela
2709152,Teotônio Vilela
5008008,Terenos
2211001,Teresina
2211001,Teresina
5221080,Teresina De Goiás
2615102,Terezinha
2615102,Terezinha
5221197,Terezópolis De Goiás
2615201,Terra Nova
3554409,Terra Roxa
5108105,Tesouro
2313401,Tianguá
4127502,Tibagi
4127502,Tibagi
2411056,Tibau
2615300,Timbaúba
2615300,Timbaúba
2414308,Timbaúba Dos Batistas
2112100,Timbiras
2112209,Timon
2112209,Timon
3168903,Tiros
2807402,Tobias Barreto
1721109,Tocantínia
1721208,Tocantinópolis
2807501,Tomar Do Geru
2807501,Tomar Do Geru
2615409,Toritama
5108204,Torixoréu
3554706,Torrinha
2414407,Touros
2414407,Touros
3554755,Trabiju
2709202,Traipu
2709202,Traipu
2313500,Trairi
2931806,Tremedal
2931806,Tremedal
5008305,Três Lagoas
5008305,Três Lagoas
3169356,Três Marias
5221304,Três Ranchos
5221304,Três Ranchos
2615607,Trindade
5221403,Trindade
2516805,Triunfo
2615706,Triunfo
2414456,Triunfo Potiguar
2112233,Trizidela Do Vale
5221452,Trombas
2931905,Tucano
2112308,Tuntum
3169604,Tupaciguara
3169604,Tupaciguara
2615805,Tupanatinga
2615904,Tuparetama
1721257,Tupirama
1721307,Tupiratins
3169703,Turmalina
2313559,Tururu
5221502,Turvânia
5221551,Turvelândia
2112506,Tutóia
2932002,Uauá
3170008,Ubaí
2313609,Ubajara
3170107,Uberaba
3170206,Uberlândia
3170206,Uberlândia
3555505,Ubirajara
3555505,Ubirajara
3555604,Uchoa
3555604,Uchoa
2932408,Uibaí
5221577,Uirapuru
2516904,Uiraúna
2313708,Umari
2414506,Umarizal
2932457,Umburanas
2517001,Umbuzeiro
2313757,Umirim
3170404,Unaí
2211100,União
2211100,União
3170438,União De Minas
3170438,União De Minas
2414605,Upanema
2932606,Urandi
2932606,Urandi
2932606,Urandi
2112605,Urbano Santos
5221601,Uruaçu
5221700,Uruana
3170479,Uruana De Minas
2313807,Uruburetama
2211209,Uruçuí
3170529,Urucuia
2313906,Uruoca
5221809,Urutaí
2932804,Utinga
5108352,Vale De São Domingos
5108352,Vale De São Domingos
2211308,Valença Do Piauí
2933000,Valente
3556107,Valentim Gentil
3556107,Valentim Gentil
5221858,Valparaíso De Goiás
3170602,Vargem Bonita
2112704,Vargem Grande
3170651,Vargem Grande Do Rio Pardo
3170651,Vargem Grande Do Rio Pardo
3556404,Vargem Grande Do Sul
3556404,Vargem Grande Do Sul
5221908,Varjão
3170750,Varjão De Minas
2313955,Varjota
2517100,Várzea
2414704,Várzea
2414704,Várzea
2314003,Várzea Alegre
2211357,Várzea Branca
2211357,Várzea Branca
3170800,Várzea Da Palma
2933059,Várzea Da Roça
2933109,Várzea Do Poço
2211407,Várzea Grande
5108402,Várzea Grande
5108402,Várzea Grande
2933158,Várzea Nova
3170909,Varzelândia
3170909,Varzelândia
3171006,Vazante
2414753,Venha-ver
4128534,Ventania
4128534,Ventania
2616001,Venturosa
5108501,Vera
5108501,Vera
2414803,Vera Cruz
2211506,Vera Mendes
2616100,Verdejante
3171030,Verdelândia
3171030,Verdelândia
3171071,Veredinha
3171071,Veredinha
3171105,Veríssimo
2616183,Vertente Do Lério
2616209,Vertentes
3171204,Vespasiano
5222005,Vianópolis
2616308,Vicência
2616308,Vicência
5222054,Vicentinópolis
2414902,Viçosa
2314102,Viçosa Do Ceará
2517209,Vieirópolis
5222203,Vila Boa
2211605,Vila Nova Do Piauí
2112852,Vila Nova Dos Martírios
2112852,Vila Nova Dos Martírios
5222302,Vila Propício
5108600,Vila Rica
5108600,Vila Rica
1100304,Vilhena
1100304,Vilhena
3556800,Viradouro
3171600,Virgem Da Lapa
3171600,Virgem Da Lapa
2505501,Vista Serrana
2933307,Vitória da Conquista
2933307,Vitória da Conquista
3557105,Votuporanga
3557105,Votuporanga
2933406,Wagner
2211704,Wall Ferraz
1722081,Wanderlândia
1722081,Wanderlândia
2933455,Wanderley
1722107,Xambioá
1722107,Xambioá
2933604,Xique-xique
2933604,Xique-xique
2517407,Zabelê